domain_id,resid,resname,rmsf_348,protein_size,normalized_resid,core_exterior,relative_accessibility,dssp,resname_encoded,core_exterior_encoded,secondary_structure_encoded
1a0aA00,0,MET,1.4334629,63,0.0,exterior,0.9521276595744681,C,13,1,2
1a0aA00,1,LYS,1.2852292,63,0.016129032258064516,exterior,0.6341463414634146,C,12,1,2
1a0aA00,2,ARG,1.1520655,63,0.03225806451612903,exterior,0.7258064516129032,S,2,1,2
1a0aA00,3,GLU,1.0097101,63,0.04838709677419355,exterior,0.5154639175257731,S,7,1,2
1a0aA00,4,SER,0.9123613,63,0.06451612903225806,exterior,0.5461538461538461,S,15,1,2
1a0aA00,5,HSD,0.83743477,63,0.08064516129032258,exterior,0.4782608695652174,S,9,1,2
1a0aA00,6,LYS,0.7914341,63,0.0967741935483871,exterior,0.7073170731707317,C,12,1,2
1a0aA00,7,HSD,0.72878,63,0.11290322580645161,exterior,0.7663043478260869,C,9,1,2
1a0aA00,8,ALA,0.7131204,63,0.12903225806451613,exterior,0.3867924528301887,C,1,1,2
1a0aA00,9,GLU,0.6762141,63,0.14516129032258066,exterior,0.4381443298969072,B,7,1,1
1a0aA00,10,GLN,0.6872589,63,0.16129032258064516,exterior,0.48484848484848486,C,6,1,2
1a0aA00,11,ALA,0.7080846,63,0.1774193548387097,exterior,0.4716981132075472,S,1,1,2
1a0aA00,12,ARG,0.7267903,63,0.1935483870967742,exterior,0.5483870967741935,S,2,1,2
1a0aA00,13,ARG,0.732843,63,0.20967741935483872,exterior,0.532258064516129,T,2,1,2
1a0aA00,14,ASN,0.74401486,63,0.22580645161290322,exterior,0.4585987261146497,T,3,1,2
1a0aA00,15,ARG,0.750116,63,0.24193548387096775,exterior,0.6733870967741935,C,2,1,2
1a0aA00,16,LEU,0.70819414,63,0.25806451612903225,exterior,0.6585365853658537,B,11,1,1
1a0aA00,17,ALA,0.75701916,63,0.27419354838709675,exterior,0.27358490566037735,C,1,1,2
1a0aA00,18,VAL,0.7460655,63,0.2903225806451613,exterior,0.4788732394366197,C,19,1,2
1a0aA00,19,ALA,0.77901256,63,0.3064516129032258,exterior,0.46226415094339623,S,1,1,2
1a0aA00,20,LEU,0.67735875,63,0.3225806451612903,core,0.09146341463414634,H,11,0,0
1a0aA00,21,HSD,0.75246346,63,0.3387096774193548,exterior,0.5434782608695652,H,9,1,0
1a0aA00,22,GLU,0.7491315,63,0.3548387096774194,exterior,0.7216494845360825,H,7,1,0
1a0aA00,23,LEU,0.5878589,63,0.3709677419354839,exterior,0.3719512195121951,H,11,1,0
1a0aA00,24,ALA,0.5654566,63,0.3870967741935484,exterior,0.4339622641509434,T,1,1,2
1a0aA00,25,SER,0.6861955,63,0.4032258064516129,exterior,0.5769230769230769,T,15,1,2
1a0aA00,26,LEU,0.63920915,63,0.41935483870967744,exterior,0.823170731707317,T,11,1,2
1a0aA00,27,ILE,0.5006916,63,0.43548387096774194,core,0.1893491124260355,S,10,0,2
1a0aA00,28,PRO,0.63652736,63,0.45161290322580644,exterior,0.22794117647058823,C,14,1,2
1a0aA00,29,ALA,0.70919776,63,0.46774193548387094,exterior,0.7735849056603774,S,1,1,2
1a0aA00,30,GLU,0.7818119,63,0.4838709677419355,exterior,0.9690721649484536,S,7,1,2
1a0aA00,31,TRP,0.61142635,63,0.5,core,0.09251101321585903,S,17,0,2
1a0aA00,32,LYS,0.6303424,63,0.5161290322580645,exterior,0.2975609756097561,C,12,1,2
1a0aA00,33,GLN,0.7404949,63,0.532258064516129,exterior,0.9545454545454546,C,6,1,2
1a0aA00,34,GLN,0.80639315,63,0.5483870967741935,exterior,0.5757575757575758,S,6,1,2
1a0aA00,35,ASN,0.8021495,63,0.5645161290322581,core,0.15286624203821655,S,3,0,2
1a0aA00,36,VAL,0.76655406,63,0.5806451612903226,exterior,0.9084507042253521,C,19,1,2
1a0aA00,37,SER,0.8041395,63,0.5967741935483871,exterior,0.8846153846153846,C,15,1,2
1a0aA00,38,ALA,0.8202475,63,0.6129032258064516,exterior,0.5660377358490566,B,1,1,1
1a0aA00,39,ALA,0.7405544,63,0.6290322580645161,exterior,0.5283018867924528,C,1,1,2
1a0aA00,40,PRO,0.732868,63,0.6451612903225806,exterior,1.0,T,14,1,2
1a0aA00,41,SER,0.70970094,63,0.6612903225806451,exterior,0.4153846153846154,T,15,1,2
1a0aA00,42,LYS,0.66816485,63,0.6774193548387096,exterior,0.6439024390243903,T,12,1,2
1a0aA00,43,ALA,0.65037644,63,0.6935483870967742,exterior,0.46226415094339623,C,1,1,2
1a0aA00,44,THR,0.5896175,63,0.7096774193548387,exterior,0.22535211267605634,S,16,1,2
1a0aA00,45,THR,0.49372846,63,0.7258064516129032,exterior,0.20422535211267606,S,16,1,2
1a0aA00,46,VAL,0.5070976,63,0.7419354838709677,exterior,0.45774647887323944,H,19,1,0
1a0aA00,47,GLU,0.55431354,63,0.7580645161290323,exterior,0.5670103092783505,H,7,1,0
1a0aA00,48,ALA,0.48938543,63,0.7741935483870968,core,0.08490566037735849,H,1,0,0
1a0aA00,49,ALA,0.41157523,63,0.7903225806451613,core,0.07547169811320754,H,1,0,0
1a0aA00,50,CYS,0.5011679,63,0.8064516129032258,exterior,0.48148148148148145,T,5,1,2
1a0aA00,51,ARG,0.56187296,63,0.8225806451612904,exterior,0.592741935483871,T,2,1,2
1a0aA00,52,TYR,0.4812246,63,0.8387096774193549,exterior,0.25675675675675674,S,18,1,2
1a0aA00,53,ILE,0.48014417,63,0.8548387096774194,exterior,0.5502958579881657,G,10,1,0
1a0aA00,54,ARG,0.5979003,63,0.8709677419354839,exterior,0.7258064516129032,G,2,1,0
1a0aA00,55,HSD,0.60695493,63,0.8870967741935484,exterior,0.5271739130434783,G,9,1,0
1a0aA00,56,LEU,0.5735935,63,0.9032258064516129,exterior,0.45121951219512196,B,11,1,1
1a0aA00,57,GLN,0.66779244,63,0.9193548387096774,exterior,0.6767676767676768,C,6,1,2
1a0aA00,58,GLN,0.7663057,63,0.9354838709677419,exterior,0.797979797979798,C,6,1,2
1a0aA00,59,ASN,0.8642195,63,0.9516129032258065,exterior,0.7515923566878981,T,3,1,2
1a0aA00,60,GLY,0.9540211,63,0.967741935483871,exterior,0.6428571428571429,T,8,1,2
1a0aA00,61,SER,1.0238681,63,0.9838709677419355,exterior,0.49230769230769234,C,15,1,2
1a0aA00,62,THR,1.1259981,63,1.0,exterior,1.0,C,16,1,2
1a02F00,140,ARG,1.2767427,53,0.0,exterior,0.8225806451612904,C,2,1,2
1a02F00,141,ARG,1.1534481,53,0.019230769230769232,exterior,0.7459677419354839,C,2,1,2
1a02F00,142,ILE,1.0726707,53,0.038461538461538464,exterior,0.4260355029585799,C,10,1,2
1a02F00,143,ARG,0.9330635,53,0.057692307692307696,exterior,0.75,C,2,1,2
1a02F00,144,ARG,0.8599386,53,0.07692307692307693,exterior,0.6733870967741935,C,2,1,2
1a02F00,145,GLU,0.7748715,53,0.09615384615384616,exterior,0.4896907216494845,C,7,1,2
1a02F00,146,ARG,0.76309437,53,0.11538461538461539,exterior,0.717741935483871,C,2,1,2
1a02F00,147,ASN,0.7807533,53,0.1346153846153846,exterior,0.7452229299363057,C,3,1,2
1a02F00,148,LYS,0.744425,53,0.15384615384615385,exterior,0.7804878048780488,C,12,1,2
1a02F00,149,MET,0.7459203,53,0.17307692307692307,exterior,0.75,C,13,1,2
1a02F00,150,ALA,0.8214747,53,0.19230769230769232,exterior,0.5094339622641509,C,1,1,2
1a02F00,151,ALA,0.8990609,53,0.21153846153846154,exterior,0.3867924528301887,C,1,1,2
1a02F00,152,ALA,0.9128439,53,0.23076923076923078,exterior,0.29245283018867924,C,1,1,2
1a02F00,153,LYS,0.949784,53,0.25,exterior,0.775609756097561,C,12,1,2
1a02F00,154,SER,0.9306019,53,0.2692307692307692,exterior,0.3769230769230769,C,15,1,2
1a02F00,155,ARG,0.9364524,53,0.28846153846153844,exterior,0.5887096774193549,C,2,1,2
1a02F00,156,ASN,0.98104703,53,0.3076923076923077,exterior,0.5095541401273885,C,3,1,2
1a02F00,157,ARG,0.9171697,53,0.3269230769230769,exterior,0.6209677419354839,C,2,1,2
1a02F00,158,ARG,0.9287077,53,0.34615384615384615,exterior,0.5685483870967742,C,2,1,2
1a02F00,159,ARG,0.94124115,53,0.36538461538461536,exterior,0.5120967741935484,C,2,1,2
1a02F00,160,GLU,0.91408145,53,0.38461538461538464,exterior,0.6443298969072165,C,7,1,2
1a02F00,161,LEU,0.86147785,53,0.40384615384615385,exterior,0.5914634146341463,C,11,1,2
1a02F00,162,THR,0.9253893,53,0.4230769230769231,exterior,0.528169014084507,C,16,1,2
1a02F00,163,ASP,0.9373232,53,0.4423076923076923,exterior,0.5276073619631901,C,4,1,2
1a02F00,164,THR,1.0045984,53,0.46153846153846156,exterior,0.5352112676056338,C,16,1,2
1a02F00,165,LEU,0.967865,53,0.4807692307692308,exterior,0.5853658536585366,C,11,1,2
1a02F00,166,GLN,0.92621386,53,0.5,exterior,0.5303030303030303,C,6,1,2
1a02F00,167,ALA,0.9144322,53,0.5192307692307693,exterior,0.5660377358490566,C,1,1,2
1a02F00,168,GLU,0.9287113,53,0.5384615384615384,exterior,0.5412371134020618,C,7,1,2
1a02F00,169,THR,0.8926965,53,0.5576923076923077,exterior,0.4225352112676056,C,16,1,2
1a02F00,170,ASP,0.8506814,53,0.5769230769230769,exterior,0.50920245398773,C,4,1,2
1a02F00,171,GLN,0.82579726,53,0.5961538461538461,exterior,0.5,C,6,1,2
1a02F00,172,LEU,0.7874842,53,0.6153846153846154,exterior,0.5121951219512195,C,11,1,2
1a02F00,173,GLU,0.788231,53,0.6346153846153846,exterior,0.6134020618556701,C,7,1,2
1a02F00,174,ASP,0.8177433,53,0.6538461538461539,exterior,0.7361963190184049,C,4,1,2
1a02F00,175,GLU,0.83370864,53,0.6730769230769231,exterior,0.4896907216494845,C,7,1,2
1a02F00,176,LYS,0.85190713,53,0.6923076923076923,exterior,0.5756097560975609,C,12,1,2
1a02F00,177,SER,0.8343768,53,0.7115384615384616,exterior,0.5,C,15,1,2
1a02F00,178,ALA,0.8222782,53,0.7307692307692307,exterior,0.5094339622641509,C,1,1,2
1a02F00,179,LEU,0.841897,53,0.75,exterior,0.6097560975609756,C,11,1,2
1a02F00,180,GLN,0.8302733,53,0.7692307692307693,exterior,0.5555555555555556,C,6,1,2
1a02F00,181,THR,0.8203125,53,0.7884615384615384,exterior,0.5563380281690141,C,16,1,2
1a02F00,182,GLU,0.8072696,53,0.8076923076923077,exterior,0.5154639175257731,C,7,1,2
1a02F00,183,ILE,0.74858433,53,0.8269230769230769,exterior,0.5739644970414202,C,10,1,2
1a02F00,184,ALA,0.7486497,53,0.8461538461538461,exterior,0.5566037735849056,C,1,1,2
1a02F00,185,ASN,0.73184836,53,0.8653846153846154,exterior,0.6815286624203821,C,3,1,2
1a02F00,186,LEU,0.7244786,53,0.8846153846153846,exterior,0.6280487804878049,C,11,1,2
1a02F00,187,LEU,0.76745284,53,0.9038461538461539,exterior,0.5487804878048781,C,11,1,2
1a02F00,188,LYS,0.8332774,53,0.9230769230769231,exterior,0.8292682926829268,C,12,1,2
1a02F00,189,GLU,0.9588493,53,0.9423076923076923,exterior,0.6958762886597938,C,7,1,2
1a02F00,190,LYS,1.0514001,53,0.9615384615384616,exterior,0.751219512195122,C,12,1,2
1a02F00,191,GLU,1.1868881,53,0.9807692307692307,exterior,0.8195876288659794,C,7,1,2
1a02F00,192,LYS,1.3083286,53,1.0,exterior,1.0,C,12,1,2
