domain_id,resid,resname,rmsf_320,rmsf_348,rmsf_379,rmsf_413,rmsf_450,rmsf_average
1a0aA00,0,MET,1.3483024,1.4334629,1.4772995,1.535583,1.5951369,1.477957
1a0aA00,1,LYS,1.1942909,1.2852292,1.3467977,1.3957214,1.4604483,1.3364975
1a0aA00,2,ARG,1.0236586,1.1520655,1.2123555,1.2685184,1.3335836,1.1980364
1a0aA00,3,GLU,0.88456726,1.0097101,1.0923307,1.1422019,1.2270706,1.0711762
1a0aA00,4,SER,0.80763894,0.9123613,0.9989087,1.065963,1.1463414,0.98624265
1a0aA00,5,HSD,0.727569,0.83743477,0.9201416,1.0004411,1.0700214,0.91112155
1a0aA00,6,LYS,0.65099525,0.7914341,0.86415035,0.96211654,1.0232189,0.858383
1a0aA00,7,HSD,0.57902086,0.72878,0.8167307,0.92500556,0.9782146,0.8055504
1a0aA00,8,ALA,0.5618905,0.7131204,0.8115508,0.90814066,0.9594307,0.7908266
1a0aA00,9,GLU,0.57700354,0.6762141,0.7929874,0.90494287,0.9495529,0.7801402
1a0aA00,10,GLN,0.60177547,0.6872589,0.79889095,0.939909,0.9820819,0.80198324
1a0aA00,11,ALA,0.607279,0.7080846,0.8484381,0.9732156,1.0084403,0.8290914
1a0aA00,12,ARG,0.6691592,0.7267903,0.8722359,0.99262923,1.0346177,0.8590864
1a0aA00,13,ARG,0.6728361,0.732843,0.8974779,1.0364459,1.085506,0.8850218
1a0aA00,14,ASN,0.65584266,0.74401486,0.9404894,1.0707985,1.1381521,0.9098595
1a0aA00,15,ARG,0.65447074,0.750116,0.91072714,1.0910988,1.1633718,0.9139568
1a0aA00,16,LEU,0.63154256,0.70819414,0.8996929,1.1167179,1.1929458,0.90981865
1a0aA00,17,ALA,0.60719216,0.75701916,0.9496716,1.1491723,1.2284919,0.9383094
1a0aA00,18,VAL,0.5827404,0.7460655,0.9699501,1.178361,1.2550828,0.9464399
1a0aA00,19,ALA,0.56886494,0.77901256,0.9642118,1.1906409,1.2783357,0.9562132
1a0aA00,20,LEU,0.50071716,0.67735875,0.9238308,1.1813272,1.2820361,0.9130541
1a0aA00,21,HSD,0.58191025,0.75246346,0.97534454,1.2087716,1.3110133,0.9659006
1a0aA00,22,GLU,0.5836119,0.7491315,0.91919005,1.198766,1.2998105,0.95010203
1a0aA00,23,LEU,0.43551692,0.5878589,0.81136113,1.1421154,1.2551241,0.8463953
1a0aA00,24,ALA,0.431881,0.5654566,0.8088355,1.1414812,1.2596412,0.8414591
1a0aA00,25,SER,0.5583499,0.6861955,0.8748661,1.1134605,1.2503426,0.89664286
1a0aA00,26,LEU,0.53329146,0.63920915,0.84924906,1.0636799,1.2059076,0.8582674
1a0aA00,27,ILE,0.42817587,0.5006916,0.76352966,0.96728706,1.1155776,0.7550524
1a0aA00,28,PRO,0.5592009,0.63652736,0.87645215,0.98105305,1.1275841,0.8361635
1a0aA00,29,ALA,0.5932456,0.70919776,0.9286181,1.0030719,1.1430862,0.8754438
1a0aA00,30,GLU,0.6432492,0.7818119,0.9636644,1.0299695,1.1443719,0.9126134
1a0aA00,31,TRP,0.51405907,0.61142635,0.8246416,0.97241384,1.0599506,0.7964983
1a0aA00,32,LYS,0.49099612,0.6303424,0.81384945,0.9892276,1.0743037,0.79974383
1a0aA00,33,GLN,0.5933111,0.7404949,0.82550937,0.9881619,1.0531559,0.84012663
1a0aA00,34,GLN,0.67897624,0.80639315,0.83754843,1.0009241,1.0374438,0.8722571
1a0aA00,35,ASN,0.6827224,0.8021495,0.8552947,1.0003302,1.0247215,0.87304366
1a0aA00,36,VAL,0.6909975,0.76655406,0.8498286,0.97579396,0.9912561,0.85488605
1a0aA00,37,SER,0.73688525,0.8041395,0.882627,0.9993302,0.99691594,0.8839796
1a0aA00,38,ALA,0.7120438,0.8202475,0.8972012,1.0066717,1.0114877,0.88953036
1a0aA00,39,ALA,0.6856081,0.7405544,0.8571275,0.9807351,0.99002486,0.85080993
1a0aA00,40,PRO,0.6258396,0.732868,0.8670281,1.0269932,1.0423508,0.85901594
1a0aA00,41,SER,0.63536084,0.70970094,0.90252095,1.0753529,1.0860717,0.8818014
1a0aA00,42,LYS,0.62492913,0.66816485,0.95378435,1.1197567,1.1366063,0.90064824
1a0aA00,43,ALA,0.5553548,0.65037644,0.941004,1.1254318,1.1644933,0.8873321
1a0aA00,44,THR,0.5287582,0.5896175,0.91916674,1.1486132,1.188936,0.8750183
1a0aA00,45,THR,0.4399565,0.49372846,0.9176904,1.1665123,1.2112318,0.8458239
1a0aA00,46,VAL,0.405546,0.5070976,0.9215889,1.1751169,1.226648,0.84719944
1a0aA00,47,GLU,0.43450823,0.55431354,0.9267435,1.1932228,1.2566832,0.87309426
1a0aA00,48,ALA,0.40247935,0.48938543,0.8694067,1.1815337,1.2533176,0.83922464
1a0aA00,49,ALA,0.34046274,0.41157523,0.80812234,1.169561,1.2521076,0.79636586
1a0aA00,50,CYS,0.36489335,0.5011679,0.7884717,1.1395584,1.2288964,0.8045975
1a0aA00,51,ARG,0.44108027,0.56187296,0.77696884,1.1189653,1.2311788,0.8260132
1a0aA00,52,TYR,0.42938653,0.4812246,0.6965598,1.0875623,1.2236582,0.78367823
1a0aA00,53,ILE,0.40835047,0.48014417,0.69497097,1.0561392,1.2128221,0.7704854
1a0aA00,54,ARG,0.47725207,0.5979003,0.7750231,1.074401,1.231621,0.8312395
1a0aA00,55,HSD,0.5008,0.60695493,0.79330957,1.0793931,1.2443206,0.8449556
1a0aA00,56,LEU,0.47391233,0.5735935,0.7926323,1.0818585,1.2586081,0.83612096
1a0aA00,57,GLN,0.5389844,0.66779244,0.8621961,1.1346788,1.3037565,0.9014816
1a0aA00,58,GLN,0.60720146,0.7663057,0.9382752,1.1953583,1.3606509,0.9735583
1a0aA00,59,ASN,0.7467502,0.8642195,1.028117,1.2809851,1.4320328,1.070421
1a0aA00,60,GLY,0.8633441,0.9540211,1.1102399,1.3584507,1.5026585,1.1577427
1a0aA00,61,SER,0.955773,1.0238681,1.1864252,1.4273974,1.5729533,1.2332833
1a0aA00,62,THR,1.0895492,1.1259981,1.2774976,1.5132852,1.6592613,1.3331182
1a02F00,140,ARG,1.317963,1.2767427,1.3456676,1.505018,1.5541196,1.3999021
1a02F00,141,ARG,1.1902449,1.1534481,1.2048959,1.3370526,1.4026681,1.2576618
1a02F00,142,ILE,1.1134636,1.0726707,1.0506307,1.1854527,1.2602259,1.1364887
1a02F00,143,ARG,1.0758435,0.9330635,0.98989993,1.0326159,1.1219565,1.0306758
1a02F00,144,ARG,1.0148594,0.8599386,0.9400452,0.9331611,1.0231847,0.95423776
1a02F00,145,GLU,1.0001034,0.7748715,0.84910697,0.83235407,0.9258232,0.87645185
1a02F00,146,ARG,0.97321147,0.76309437,0.8311697,0.8187954,0.8891188,0.8550779
1a02F00,147,ASN,0.9717967,0.7807533,0.8248274,0.82665825,0.86063564,0.85293424
1a02F00,148,LYS,0.9187995,0.744425,0.78154135,0.8192115,0.83270216,0.81933594
1a02F00,149,MET,0.8520961,0.7459203,0.7388724,0.84230614,0.8138485,0.79860866
1a02F00,150,ALA,0.8806731,0.8214747,0.7653667,0.90497273,0.8408122,0.84265995
1a02F00,151,ALA,0.8951567,0.8990609,0.8062906,0.97304565,0.86949253,0.8886093
1a02F00,152,ALA,0.8462173,0.9128439,0.8442276,1.0278457,0.8977343,0.90577376
1a02F00,153,LYS,0.8468734,0.949784,0.8818469,1.0922058,0.9446966,0.94308126
1a02F00,154,SER,0.80462664,0.9306019,0.8832289,1.0870903,0.95384836,0.9318792
1a02F00,155,ARG,0.79444605,0.9364524,0.91354495,1.0969696,0.9801308,0.94430876
1a02F00,156,ASN,0.8467802,0.98104703,0.93171346,1.0952804,1.0214278,0.97524977
1a02F00,157,ARG,0.84064853,0.9171697,0.90385914,1.0424168,1.0136629,0.9435514
1a02F00,158,ARG,0.80656016,0.9287077,0.9383799,1.0324473,1.0364549,0.94851
1a02F00,159,ARG,0.8279751,0.94124115,0.9631626,1.0301626,1.0506256,0.96263343
1a02F00,160,GLU,0.93960345,0.91408145,1.0123588,1.0391105,1.0825584,0.99754256
1a02F00,161,LEU,0.88351977,0.86147785,1.0062869,1.0323317,1.0808865,0.97290057
1a02F00,162,THR,0.8751386,0.9253893,1.0175064,1.0329232,1.102557,0.9907028
1a02F00,163,ASP,1.000094,0.9373232,0.9925717,1.0379715,1.1206074,1.0177135
1a02F00,164,THR,1.048143,1.0045984,0.9616836,1.0051498,1.1070883,1.0253327
1a02F00,165,LEU,0.9712542,0.967865,0.94259036,0.9613713,1.0408691,0.9767901
1a02F00,166,GLN,0.9469576,0.92621386,0.9050517,0.91428864,0.99461097,0.9374245
1a02F00,167,ALA,0.9044735,0.9144322,0.837921,0.8727788,0.9544446,0.89680994
1a02F00,168,GLU,0.8041283,0.9287113,0.80966586,0.8630293,0.9339013,0.8678872
1a02F00,169,THR,0.77898306,0.8926965,0.79867285,0.85716057,0.9009746,0.8456975
1a02F00,170,ASP,0.7489228,0.8506814,0.79948854,0.87286854,0.9041356,0.8352194
1a02F00,171,GLN,0.69348395,0.82579726,0.766487,0.8531208,0.86850566,0.80147886
1a02F00,172,LEU,0.72194874,0.7874842,0.7731589,0.8607111,0.8396414,0.79658884
1a02F00,173,GLU,0.78271925,0.788231,0.83413315,0.91036195,0.8838962,0.83986837
1a02F00,174,ASP,0.7699253,0.8177433,0.8505999,0.9621971,0.9272312,0.8655394
1a02F00,175,GLU,0.87902915,0.83370864,0.8548573,0.97639656,0.9677588,0.90235007
1a02F00,176,LYS,0.87315166,0.85190713,0.8661439,0.972607,0.9683534,0.9064326
1a02F00,177,SER,0.8097297,0.8343768,0.85774356,0.946026,0.94229203,0.87803364
1a02F00,178,ALA,0.8128153,0.8222782,0.8521199,0.9134079,0.932244,0.86657304
1a02F00,179,LEU,0.7971341,0.841897,0.8179593,0.88988054,0.91468316,0.85231084
1a02F00,180,GLN,0.78027856,0.8302733,0.8102335,0.87284565,0.88486546,0.83569926
1a02F00,181,THR,0.7521795,0.8203125,0.7933582,0.86058027,0.8658972,0.81846553
1a02F00,182,GLU,0.759284,0.8072696,0.7878317,0.8551157,0.86171424,0.814243
1a02F00,183,ILE,0.7385743,0.74858433,0.7651306,0.83720875,0.8383713,0.78557384
1a02F00,184,ALA,0.7040084,0.7486497,0.78940594,0.82749444,0.8332319,0.78055805
1a02F00,185,ASN,0.7072022,0.73184836,0.77888066,0.82750905,0.83842766,0.7767736
1a02F00,186,LEU,0.74006623,0.7244786,0.7714554,0.8277234,0.84666365,0.78207743
1a02F00,187,LEU,0.77537394,0.76745284,0.8293122,0.8669534,0.8834406,0.8245066
1a02F00,188,LYS,0.8501407,0.8332774,0.8970879,0.9291992,0.94658977,0.891259
1a02F00,189,GLU,0.9884647,0.9588493,1.0064313,1.03425,1.0520847,1.008016
1a02F00,190,LYS,1.1082617,1.0514001,1.0986756,1.1253669,1.1348078,1.1037023
1a02F00,191,GLU,1.2391131,1.1868881,1.2378743,1.2336518,1.2572457,1.2309545
1a02F00,192,LYS,1.3795688,1.3083286,1.3581297,1.3359065,1.3720837,1.3508035
