domain_id,resid,resname,rmsf_320
1a0aA00,0,MET,1.2959518
1a0aA00,1,LYS,1.1318272
1a0aA00,2,ARG,0.937099
1a0aA00,3,GLU,0.78042084
1a0aA00,4,SER,0.662699
1a0aA00,5,HSD,0.60237837
1a0aA00,6,LYS,0.58158493
1a0aA00,7,HSD,0.52150637
1a0aA00,8,ALA,0.5021656
1a0aA00,9,GLU,0.50460726
1a0aA00,10,GLN,0.501765
1a0aA00,11,ALA,0.49892995
1a0aA00,12,ARG,0.48860908
1a0aA00,13,ARG,0.44463068
1a0aA00,14,ASN,0.4452987
1a0aA00,15,ARG,0.5595936
1a0aA00,16,LEU,0.5362432
1a0aA00,17,ALA,0.4737674
1a0aA00,18,VAL,0.52020645
1a0aA00,19,ALA,0.49172017
1a0aA00,20,LEU,0.4097629
1a0aA00,21,HSD,0.4155504
1a0aA00,22,GLU,0.4428391
1a0aA00,23,LEU,0.42800713
1a0aA00,24,ALA,0.43591624
1a0aA00,25,SER,0.5044818
1a0aA00,26,LEU,0.48308402
1a0aA00,27,ILE,0.37508026
1a0aA00,28,PRO,0.5224535
1a0aA00,29,ALA,0.5689074
1a0aA00,30,GLU,0.66957015
1a0aA00,31,TRP,0.47148994
1a0aA00,32,LYS,0.4326842
1a0aA00,33,GLN,0.64830947
1a0aA00,34,GLN,0.6205722
1a0aA00,35,ASN,0.5051292
1a0aA00,36,VAL,0.6733205
1a0aA00,37,SER,0.67562
1a0aA00,38,ALA,0.61572474
1a0aA00,39,ALA,0.6581382
1a0aA00,40,PRO,0.64713335
1a0aA00,41,SER,0.7394137
1a0aA00,42,LYS,0.6321646
1a0aA00,43,ALA,0.49368662
1a0aA00,44,THR,0.51713705
1a0aA00,45,THR,0.42725098
1a0aA00,46,VAL,0.3906828
1a0aA00,47,GLU,0.4723098
1a0aA00,48,ALA,0.465917
1a0aA00,49,ALA,0.37235788
1a0aA00,50,CYS,0.45778725
1a0aA00,51,ARG,0.59965813
1a0aA00,52,TYR,0.59079313
1a0aA00,53,ILE,0.4918175
1a0aA00,54,ARG,0.53606135
1a0aA00,55,HSD,0.49813935
1a0aA00,56,LEU,0.42041725
1a0aA00,57,GLN,0.5199918
1a0aA00,58,GLN,0.586007
1a0aA00,59,ASN,0.7487351
1a0aA00,60,GLY,0.8659282
1a0aA00,61,SER,0.96389824
1a0aA00,62,THR,1.1170563
1a02F00,140,ARG,1.2817839
1a02F00,141,ARG,1.1480439
1a02F00,142,ILE,1.2196033
1a02F00,143,ARG,1.168149
1a02F00,144,ARG,1.0673517
1a02F00,145,GLU,1.1154531
1a02F00,146,ARG,1.1085513
1a02F00,147,ASN,1.0731494
1a02F00,148,LYS,1.0370867
1a02F00,149,MET,0.93684703
1a02F00,150,ALA,0.9521455
1a02F00,151,ALA,0.8889339
1a02F00,152,ALA,0.8200562
1a02F00,153,LYS,0.7299751
1a02F00,154,SER,0.6666324
1a02F00,155,ARG,0.71104693
1a02F00,156,ASN,0.78537977
1a02F00,157,ARG,0.7641493
1a02F00,158,ARG,0.8501346
1a02F00,159,ARG,0.9984877
1a02F00,160,GLU,1.0731822
1a02F00,161,LEU,1.0835648
1a02F00,162,THR,1.243925
1a02F00,163,ASP,1.352587
1a02F00,164,THR,1.3280227
1a02F00,165,LEU,1.1616244
1a02F00,166,GLN,1.1332155
1a02F00,167,ALA,1.0354512
1a02F00,168,GLU,0.78561044
1a02F00,169,THR,0.8002818
1a02F00,170,ASP,0.5837843
1a02F00,171,GLN,0.6224026
1a02F00,172,LEU,0.7988897
1a02F00,173,GLU,0.69170076
1a02F00,174,ASP,0.6149732
1a02F00,175,GLU,0.86446667
1a02F00,176,LYS,0.9689741
1a02F00,177,SER,0.86740655
1a02F00,178,ALA,0.8109093
1a02F00,179,LEU,0.7795974
1a02F00,180,GLN,0.68987715
1a02F00,181,THR,0.65045196
1a02F00,182,GLU,0.6685496
1a02F00,183,ILE,0.7126232
1a02F00,184,ALA,0.7180537
1a02F00,185,ASN,0.7671756
1a02F00,186,LEU,0.79230845
1a02F00,187,LEU,0.8306946
1a02F00,188,LYS,0.9096333
1a02F00,189,GLU,1.0609399
1a02F00,190,LYS,1.1539212
1a02F00,191,GLU,1.2733755
1a02F00,192,LYS,1.4507122
